timestamp,rate
1702587600000,0.00076935
1702584000000,0.00078133
1702580400000,0.00080534
1702576800000,0.00084022
1702573200000,0.00082632
1702558800000,0.00083711
1702555200000,0.00082456
1702551600000,0.00080659
1702548000000,0.00078731
1702544400000,0.00083398
1702540800000,0.00090481
1702537200000,0.00089075
1702533600000,0.00085504
1702530000000,0.00089455
1702522800000,0.00091195
1702519200000,0.00095012
1702515600000,0.00092433
1702512000000,0.00090661
1702501200000,0.00090661
1702497600000,0.00089511
1702494000000,0.00092021
1702483200000,0.00095741
1702479600000,0.00091486
1702472400000,0.00086833
1702468800000,0.00084657
1702465200000,0.00082784
1702461600000,0.00081891
1702447200000,0.00082899
1702443600000,0.00089261
1702425600000,0.00096439
1702396800000,0.00096439
1702393200000,0.00102325
1702389600000,0.001086
1702386000000,0.00105856
1702382400000,0.0010698
1702378800000,0.00109417
1702368000000,0.0009042
1702364400000,0.00088325
1702360800000,0.00079157
1702353600000,0.0008097
1702350000000,0.00078749
1702346400000,0.00084483
1702342800000,0.00081675
1702339200000,0.00082709
1702328400000,0.0008958
1702324800000,0.0008852
1702321200000,0.00082511
1702317600000,0.00080695
1702314000000,0.00070598
1702310400000,0.00059497
1702306800000,0.00048551
1702303200000,0.00038841
1702274400000,0.00038424
1702270800000,0.00047149
1702267200000,0.00062865
1702263600000,0.0008382
1702256400000,0.00069012
1702252800000,0.00069912
1702238400000,0.00069912
1702234800000,0.00072847
1702224000000,0.00074441
1702220400000,0.00076012
1702213200000,0.00074844
1702209600000,0.00075726
1702202400000,0.00076729
1702188000000,0.00078579
1702184400000,0.00084048
1702177200000,0.00087405
1702170000000,0.00088841
1702166400000,0.0009042
1702137600000,0.0009042
1702134000000,0.0008343
1702130400000,0.00079728
1702126800000,0.00080912
1702119600000,0.00084757
1702116000000,0.00083902
1702112400000,0.00079879
1702108800000,0.00075742
1702105200000,0.00074005
1702101600000,0.0007312
1702098000000,0.00074838
1702094400000,0.00076408
1702087200000,0.00072817
1702080000000,0.00072067
1702076400000,0.00073699
1702065600000,0.00071712
1702062000000,0.00074808
1702058400000,0.00076186
1702054800000,0.00077168
1702051200000,0.00073411
1702047600000,0.00070808
1702040400000,0.00068594
1702036800000,0.00071286
1702029600000,0.00075906
1702026000000,0.00074629
1702022400000,0.00077976
1702018800000,0.00072519
1702015200000,0.00071671
1702011600000,0.00070051
1702008000000,0.00072023
1702004400000,0.00076581
1701997200000,0.00073852
1701993600000,0.0006874
1701990000000,0.00067655
1701979200000,0.00068519
1701975600000,0.00072473
1701968400000,0.00076337
1701964800000,0.00073251
1701961200000,0.00070989
1701957600000,0.00071746
1701954000000,0.00068693
1701950400000,0.00063497
1701946800000,0.0005876
1701943200000,0.00057025
1701939600000,0.00055345
1701932400000,0.00054539
1701928800000,0.00053331
1701925200000,0.00048597
1701921600000,0.00047957
1701918000000,0.00050256
1701914400000,0.00055377
1701907200000,0.00056211
1701896400000,0.00058491
1701889200000,0.00056949
1701885600000,0.00060846
1701882000000,0.00063181
1701878400000,0.00064144
1701874800000,0.0006718
1701871200000,0.00069213
1701867600000,0.00077213
1701856800000,0.00081358
1701849600000,0.00077202
1701846000000,0.00078974
1701842400000,0.00076042
1701838800000,0.00074854
1701831600000,0.00075669
1701828000000,0.00073043
1701824400000,0.00071134
1701820800000,0.0006824
1701817200000,0.0006824
1701806400000,0.00067495
1701802800000,0.00068363
1701799200000,0.00054907
1701792000000,0.00045485
1701788400000,0.00046578
1701784800000,0.00047303
1701781200000,0.00047795
1701777600000,0.00046441
1701774000000,0.00047718
1701770400000,0.00050694
1701766800000,0.0005512
1701763200000,0.00057654
1701759600000,0.0005849
1701756000000,0.00056793
1701748800000,0.00057846
1701745200000,0.000555
1701741600000,0.00061075
1701738000000,0.00059832
1701734400000,0.00055802
1701730800000,0.00054434
1701727200000,0.00052358
1701720000000,0.00051441
1701716400000,0.00052129
1701712800000,0.00060127
1701709200000,0.00061683
1701705600000,0.00063896
1701702000000,0.00066013
1701698400000,0.00077279
1701694800000,0.00084436
1701684000000,0.00086991
1701666000000,0.00084362
1701662400000,0.00086278
1701658800000,0.0008534
1701655200000,0.00080133
1701651600000,0.00077785
1701648000000,0.00069864
1701644400000,0.00061273
1701637200000,0.00056237
1701633600000,0.00057928
1701630000000,0.00059454
1701619200000,0.00062761
1701608400000,0.00065075
1701604800000,0.00063837
1701590400000,0.00062978
1701586800000,0.00062136
1701583200000,0.00063029
1701579600000,0.00065076
1701576000000,0.00066942
1701572400000,0.00064415
1701568800000,0.00062765
1701565200000,0.00060194
1701561600000,0.00058781
1701558000000,0.00050309
1701554400000,0.00048852
1701550800000,0.00046871
1701547200000,0.00041704
1701543600000,0.00034912
1701525600000,0.00034496
1701475200000,0.00032688
1701464400000,0.00032688
1701460800000,0.00032688
1701457200000,0.00035231
1701453600000,0.00038161
1701446400000,0.00041579
1701424800000,0.00033263
1701388800000,0.00032923
1701378000000,0.00032923
1701331200000,0.00032923
1701302400000,0.00032923
1701288000000,0.00032923
1701241200000,0.00032923
1701216000000,0.00032923
1701194400000,0.00032923
1701147600000,0.00032923
1701129600000,0.00032923
1701100800000,0.00032923
1701057600000,0.00032923
1701043200000,0.00032923
1701010800000,0.00032923
1701007200000,0.00032923
1700956800000,0.00032065
1700910000000,0.00032065
1700870400000,0.00032065
1700863200000,0.00032065
1700820000000,0.00032065
1700816400000,0.00032065
1700784000000,0.00031099
1700737200000,0.00031099
1700697600000,0.00031099
1700690400000,0.00031099
1700647200000,0.00031099
1700643600000,0.00031099
1700636400000,0.0003196
1700618400000,0.00032925
1700614800000,0.00035671
1700611200000,0.00036491
1700546400000,0.00035686
1700524800000,0.00035686
1700499600000,0.00035686
1700452800000,0.00035686
1700449200000,0.00035686
1700445600000,0.00034741
1700438400000,0.0003362
1700391600000,0.0003362
1700352000000,0.0003362
1700348400000,0.0003362
1700301600000,0.0003362
1700298000000,0.0003362
1700294400000,0.00035614
1700265600000,0.00044449
1700229600000,0.00044449
1700226000000,0.00044449
1700197200000,0.00043348
1700186400000,0.00046013
1700179200000,0.00048614
1700175600000,0.00049461
1700103600000,0.00048417
1700100000000,0.00048417
1700092800000,0.00045626
1700035200000,0.00045626
1700031600000,0.00045626
1700024400000,0.00050375
1700006400000,0.00050911
1699952400000,0.00050911
1699948800000,0.00050911
1699920000000,0.0005146
1699916400000,0.0005146
1699844400000,0.00050917
1699840800000,0.00050917
1699833600000,0.00043876
1699768800000,0.00043876
1699765200000,0.00043876
1699747200000,0.00054554
1699729200000,0.00054554
1699668000000,0.00055109
1699664400000,0.00055109
1699660800000,0.00055745
1699650000000,0.00055745
1699606800000,0.00055188
1699599600000,0.00054234
1699596000000,0.00053465
1699588800000,0.00052345
1699578000000,0.00052926
1699574400000,0.00053484
1699560000000,0.00053484
1699552800000,0.00052789
1699545600000,0.00051875
1699516800000,0.00042567
1699488000000,0.0004209
1699441200000,0.0004209
1699401600000,0.00042522
1699354800000,0.00042522
1699315200000,0.00042043
1699264800000,0.00042043
1699228800000,0.00042043
1699178400000,0.00042043
1699142400000,0.00042043
1699088400000,0.00042043
1699056000000,0.00042043
1699002000000,0.00042043
1698998400000,0.00042043
1698991200000,0.00039635
1698969600000,0.00046157
1698955200000,0.00046157
1698951600000,0.00046638
1698937200000,0.00046096
1698915600000,0.00045381
1698897600000,0.00045849
1698890400000,0.00041824
1698883200000,0.00042253
1698850800000,0.00042253
1698832800000,0.0004611
1698829200000,0.00044487
1698825600000,0.0003559
1698822000000,0.00028471
1698818400000,0.00022777
1698814800000,0.00030369
1698811200000,0.00040493
1698807600000,0.00046664
1698804000000,0.0004176
1698800400000,0.00053824
1698796800000,0.00064869
1698793200000,0.00059021
1698789600000,0.00047217
1698786000000,0.00037773
1698782400000,0.00030219
1698778800000,0.00024175
1698775200000,0.00031911
1698771600000,0.00035056
1698764400000,0.00042779
1698760800000,0.00042021
1698757200000,0.00040469
1698753600000,0.00036523
1698750000000,0.00038422
1698746400000,0.00039254
1698742800000,0.0004677
1698739200000,0.00048968
1698735600000,0.00051374
1698732000000,0.00059366
1698728400000,0.00057651
1698724800000,0.00053503
1698721200000,0.00042802
1698717600000,0.00035505
1698714000000,0.00035881
1698710400000,0.00034826
1698706800000,0.00034826
1698703200000,0.00034164
1698699600000,0.00034768
1698696000000,0.00035731
1698692400000,0.00036703
1698688800000,0.00041658
1698685200000,0.00043297
1698681600000,0.00044561
1698678000000,0.00047253
1698674400000,0.00045449
1698670800000,0.00048443
1698667200000,0.00049587
1698663600000,0.00050214
1698660000000,0.00046653
1698656400000,0.00042079
1698652800000,0.00045846
1698649200000,0.00046875
1698645600000,0.000375
1698642000000,0.00036412
1698638400000,0.0004561
1698634800000,0.00036488
1698631200000,0.0002919
1698627600000,0.00030404
1698624000000,0.0002855
1698620400000,0.00027267
1698613200000,0.00023808
1698606000000,0.00023361
1698602400000,0.00028785
1698598800000,0.00030905
1698595200000,0.00030292
1698588000000,0.00029879
1698584400000,0.00024829
1698577200000,0.00020854
1698573600000,0.00020305
1698570000000,0.00019933
1698566400000,0.00017879
1698548400000,0.00014303
1698544800000,0.00017797
1698541200000,0.00018999
1698537600000,0.00018146
1698530400000,0.00016656
1698526800000,0.00016319
1698523200000,0.00015024
1698519600000,0.00015225
1698516000000,0.000203
1698512400000,0.00027066
1698505200000,0.00029705
1698501600000,0.00028122
1698498000000,0.0002665
1698494400000,0.00022346
1698490800000,0.00017877
1698487200000,0.00015612
1698469200000,0.000143
1698465600000,0.00014478
1698462000000,0.00019304
1698454800000,0.00025738
1698451200000,0.00024311
1698444000000,0.0002315
1698440400000,0.00022762
1698436800000,0.00024506
1698433200000,0.00024893
1698429600000,0.0003319
1698426000000,0.00036055
1698422400000,0.00043675
1698418800000,0.00037906
1698411600000,0.00030325
1698408000000,0.00027499
1698404400000,0.00021999
1698400800000,0.00029331
1698397200000,0.00033049
1698393600000,0.00031754
1698390000000,0.00032088
1698386400000,0.00036465
1698379200000,0.00029509
1698375600000,0.00028785
1698368400000,0.00034742
1698364800000,0.00034013
1698354000000,0.00033249
1698350400000,0.00032885
1698346800000,0.00034506
1698343200000,0.00037092
1698339600000,0.00036078
1698336000000,0.00036933
1698332400000,0.00037502
1698321600000,0.0003624
1698314400000,0.00036774
1698310800000,0.00037551
1698307200000,0.00038105
1698303600000,0.00036204
1698300000000,0.0003549
1698296400000,0.00038763
1698292800000,0.00038255
1698289200000,0.00037573
1698282000000,0.00036828
1698278400000,0.00037431
1698267600000,0.00036908
1698264000000,0.00036045
1698260400000,0.00034754
1698256800000,0.00036741
1698253200000,0.00038999
1698249600000,0.00038425
1698246000000,0.00037872
1698238800000,0.00036575
1698224400000,0.00036109
1698220800000,0.00033523
1698213600000,0.00034409
1698210000000,0.00035594
1698206400000,0.00028852
1698199200000,0.00028234
1698195600000,0.00027392
1698192000000,0.00024449
1698184800000,0.00023065
1698174000000,0.00022464
1698170400000,0.00026245
1698166800000,0.00027795
1698163200000,0.00028474
1698156000000,0.00029669
1698152400000,0.00026425
1698148800000,0.00027225
1698145200000,0.00029114
1698141600000,0.00027224
1698138000000,0.00026068
1698134400000,0.00025686
1698130800000,0.0002641
1698127200000,0.00025076
1698123600000,0.00025534
1698120000000,0.00024318
1698116400000,0.00019454
1698112800000,0.00015564
1698109200000,0.00014928
1698105600000,0.00012416
1698102000000,0.00012574
1698069600000,0.0001281
1698040800000,0.00012669
1698030000000,0.00012373
1698026400000,0.00012125
1698019200000,0.00011662
1698015600000,0.00011923
1698001200000,0.00012044
1697983200000,0.00012184
1697968800000,0.00012045
1697940000000,0.00011884
1697932800000,0.00012043
1697911200000,0.00012043
1697893200000,0.00012259
1697871600000,0.00012135
1697853600000,0.0001226
1697850000000,0.00012992
1697846400000,0.00012493
1697832000000,0.00012493
1697824800000,0.00012624
1697814000000,0.00012469
1697806800000,0.00012339
1697803200000,0.00011624
1697799600000,0.00011284
1697792400000,0.00011408
1697774400000,0.0001153
1697770800000,0.00014302
1697760000000,0.00015287
1697752800000,0.00015287
1697734800000,0.0001545
1697698800000,0.00015666
1697684400000,0.00015414
1697673600000,0.00015664
1697637600000,0.00015664
1697634000000,0.00015855
1697623200000,0.00015619
1697619600000,0.00014496
1697601600000,0.00013689
1697587200000,0.0001386
1697554800000,0.0001386
1697547600000,0.00013689
1697540400000,0.00014073
1697533200000,0.00014249
1697529600000,0.00013906
1697515200000,0.00013762
1697508000000,0.00013615
1697500800000,0.00013881
1697468400000,0.00014063
1697457600000,0.00013741
1697414400000,0.00013552
1697400000000,0.00013375
1697378400000,0.00013541
1697371200000,0.00013364
1697328000000,0.00013503
1697295600000,0.00013503
1697270400000,0.00013302
1697252400000,0.00013461
1697241600000,0.00013304
1697227200000,0.00013304
1697176800000,0.00013465
1697158800000,0.00013306
1697155200000,0.00013173
1697144400000,0.00013173
1697122800000,0.00013489
1697097600000,0.00013289
1697079600000,0.00013473
1697076000000,0.00013302
1697068800000,0.00012829
1697043600000,0.00012829
1697032800000,0.00012962
1696989600000,0.00012818
1696986000000,0.00012668
1696982400000,0.0001252
1696975200000,0.0001252
1696957200000,0.00012701
1696950000000,0.00012846
1696935600000,0.00012992
1696914000000,0.00012664
1696906800000,0.00012886
1696896000000,0.00013063
1696874400000,0.00013063
1696870800000,0.0001283
1696867200000,0.00012482
1696852800000,0.0001234
1696813200000,0.00012482
1696809600000,0.00012687
1696780800000,0.00012687
1696734000000,0.00012457
1696726800000,0.00012678
1696723200000,0.00012953
1696669200000,0.00012953
1696654800000,0.00012821
1696644000000,0.0001266
1696636800000,0.00012814
1696608000000,0.00012814
1696590000000,0.00012684
1696582800000,0.00012881
1696572000000,0.00012717
1696561200000,0.00012454
1696554000000,0.00012605
1696550400000,0.00012765
1696532400000,0.00012765
1696525200000,0.00012928
1696492800000,0.00012743
1696467600000,0.00012578
1696464000000,0.00012793
1696435200000,0.00012793
1696431600000,0.00013025
1696406400000,0.00012862
1696399200000,0.0001265
1696388400000,0.00012904
1696377600000,0.00013098
1696359600000,0.00013098
1696338000000,0.00013279
1696298400000,0.00013093
1696291200000,0.00013435
1696269600000,0.00013217
1696255200000,0.00013385
1696248000000,0.00013609
1696240800000,0.00013346
1696208400000,0.00013156
1696204800000,0.00012551
1696118400000,0.00012551
1696082400000,0.00012551
1696078800000,0.00012551
1696071600000,0.00012373
1696032000000,0.00012621
1695992400000,0.00012621
1695978000000,0.00012475
1695949200000,0.00012704
1695945600000,0.00012907
1695920400000,0.00012677
1695916800000,0.00012544
1695902400000,0.00012349
1695873600000,0.00012545
1695862800000,0.00012375
1695859200000,0.0001255
1695830400000,0.0001255
1695826800000,0.00012387
1695812400000,0.00012246
1695776400000,0.0001212
1695772800000,0.00012289
1695733200000,0.00012289
1695726000000,0.00012022
1695690000000,0.00012178
1695686400000,0.00012032
1695679200000,0.00012032
1695643200000,0.00012197
1695600000000,0.00012062
1695513600000,0.00012062
1695492000000,0.00012062
1695427200000,0.00012062
1695405600000,0.00012062
1695402000000,0.00012062
1695358800000,0.00012455
1695340800000,0.00012624
1695322800000,0.00012624
1695308400000,0.00012476
1695297600000,0.00012632
1695272400000,0.00012303
1695254400000,0.00012157
1695200400000,0.00012157
1695196800000,0.00011322
1695193200000,0.00009058
1695168000000,0.00012076
1695153600000,0.00012076
1695085200000,0.00012204
1695081600000,0.00012337
1695045600000,0.00012337
1695038400000,0.00012132
1695020400000,0.00012269
1694995200000,0.00011811
1694948400000,0.00011811
1694930400000,0.00012224
1694916000000,0.00012091
1694908800000,0.00011941
1694890800000,0.00011941
1694869200000,0.00012134
1694865600000,0.00013757
1694862000000,0.00014317
1694858400000,0.00013928
1694854800000,0.00013581
1694851200000,0.00013256
1694844000000,0.00012875
1694840400000,0.000126
1694836800000,0.00012241
1694833200000,0.00012014
1694829600000,0.00011825
1694826000000,0.00011553
1694822400000,0.00011404
1694818800000,0.00011598
1694808000000,0.00011775
1694800800000,0.00011902
1694797200000,0.00013358
1694786400000,0.00014322
1694782800000,0.00014065
1694779200000,0.00014837
1694757600000,0.00012012
1694754000000,0.00013875
1694750400000,0.00013524
1694746800000,0.00013156
1694743200000,0.00012872
1694739600000,0.00012622
1694736000000,0.00012354
1694714400000,0.00012505
1694710800000,0.00012691
1694707200000,0.00012997
1694703600000,0.00012716
1694696400000,0.00012547
1694689200000,0.00012383
1694649600000,0.00012237
1694628000000,0.00012237
1694592000000,0.00012383
1694563200000,0.00012133
1694552400000,0.00012133
1694534400000,0.00012373
1694502000000,0.00012245
1694476800000,0.0001208
1694469600000,0.0001208
1694448000000,0.00012296
1694390400000,0.0001217
1694365200000,0.0001217
1694361600000,0.00012347
1694304000000,0.0001219
1694217600000,0.0001219
1694214000000,0.0001219
1694192400000,0.0001243
1694181600000,0.00013012
1694174400000,0.00012881
1694170800000,0.00012641
1694142000000,0.00012468
1694134800000,0.00012301
1694131200000,0.00012152
1694124000000,0.00012152
1694106000000,0.00012385
1694095200000,0.00012206
1694088000000,0.00012357
1694044800000,0.00012213
1694041200000,0.00012213
1694019600000,0.00012051
1693980000000,0.00012173
1693972800000,0.00012502
1693958400000,0.00011755
1693904400000,0.00011755
1693900800000,0.00011895
1693872000000,0.00011775
1693846800000,0.00011775
1693843200000,0.00011944
1693825200000,0.00011806
1693785600000,0.00011935
1693699200000,0.00011935
1693692000000,0.00011935
1693688400000,0.00011935
1693681200000,0.00012265
1693674000000,0.00012137
1693670400000,0.00012324
1693656000000,0.00012175
1693612800000,0.00012053
1693562400000,0.00012053
1693558800000,0.00012053
1693544400000,0.00012267
1693530000000,0.00012008
1693526400000,0.00012234
1693522800000,0.00012234
1693515600000,0.0001205
1693508400000,0.00012455
1693504800000,0.00012273
1693483200000,0.00012058
1693468800000,0.00011879
1693440000000,0.00012053
1693414800000,0.00012053
1693407600000,0.00012303
1693386000000,0.00012087
1693360800000,0.0001229
1693357200000,0.00011948
1693353600000,0.00011638
1693335600000,0.00011811
1693328400000,0.00011984
1693324800000,0.00012252
1693321200000,0.000124
1693296000000,0.00012197
1693267200000,0.00012557
1693180800000,0.00012557
1693152000000,0.00012557
1693148400000,0.00012557
1693094400000,0.00012359
1693040400000,0.00012359
1693036800000,0.00012359
1693015200000,0.00012484
1693008000000,0.00012325
1692990000000,0.00012325
1692921600000,0.00012451
1692835200000,0.00012451
1692831600000,0.00012451
1692824400000,0.00012315
1692795600000,0.00012464
1692788400000,0.0001271
1692748800000,0.00012499
1692738000000,0.00012499
1692734400000,0.00012678
1692709200000,0.00012548
1692687600000,0.00013077
1692684000000,0.0001176
1692680400000,0.00014414
1692673200000,0.00018052
1692669600000,0.00016209
1692662400000,0.00014892
1692644400000,0.00014892
1692626400000,0.00014683
1692590400000,0.00014534
1692586800000,0.00014967
1692576000000,0.00014813
1692550800000,0.00014813
1692532800000,0.00014652
1692529200000,0.00015567
1692514800000,0.00015161
1692493200000,0.00015001
1692489600000,0.00014781
1692471600000,0.00014781
1692464400000,0.00016725
1692446400000,0.00016143
1692424800000,0.00015923
1692410400000,0.00015743
1692403200000,0.00015578
1692396000000,0.00015578
1692381600000,0.00015411
1692374400000,0.00015194
1692370800000,0.00016071
1692363600000,0.00016725
1692356400000,0.00016535
1692352800000,0.00016322
1692349200000,0.0001599
1692345600000,0.00015797
1692342000000,0.00015615
1692338400000,0.00015823
1692334800000,0.00015614
1692331200000,0.00016959
1692327600000,0.00022612
1692320400000,0.00030149
1692316800000,0.00025447
1692313200000,0.00023227
1692309600000,0.00018582
1692306000000,0.00016761
1692298800000,0.00017004
1692295200000,0.00019198
1692291600000,0.00020033
1692288000000,0.0001677
1692277200000,0.00015984
1692270000000,0.00016154
1692241200000,0.00016319
1692237600000,0.00016695
1692234000000,0.00016245
1692230400000,0.00015954
1692212400000,0.00015954
1692187200000,0.00016166
1692154800000,0.00015985
1692147600000,0.00016834
1692144000000,0.00016573
1692133200000,0.00016573
1692072000000,0.00016298
1692064800000,0.00016582
1692057600000,0.00016328
1691982000000,0.00016328
1691971200000,0.00016054
1691960400000,0.00016054
1691884800000,0.00016246
1691798400000,0.00016246
1691784000000,0.00016246
1691780400000,0.00016246
1691737200000,0.00016446
1691712000000,0.0001622
1691643600000,0.0001622
1691640000000,0.0001622
1691625600000,0.00016386
1691553600000,0.00016386
1691539200000,0.00016623
1691510400000,0.00016623
1691492400000,0.00016129
1691488800000,0.00018081
1691474400000,0.00018989
1691470800000,0.00017046
1691467200000,0.0001633
1691452800000,0.00015987
1691434800000,0.00015987
1691427600000,0.0001949
1691424000000,0.00017658
1691420400000,0.00016059
1691416800000,0.0001568
1691406000000,0.00015297
1691402400000,0.00015775
1691398800000,0.00017162
1691395200000,0.00017379
1691391600000,0.00016574
1691377200000,0.00015396
1691373600000,0.00015878
1691366400000,0.00015647
1691341200000,0.00015456
1691326800000,0.00015659
1691319600000,0.0001589
1691280000000,0.00015708
1691272800000,0.00015708
1691193600000,0.00015884
1691190000000,0.00015884
1691128800000,0.00015535
1691121600000,0.00015365
1691118000000,0.00015879
1691114400000,0.00016208
1691107200000,0.00016045
1691096400000,0.00016045
1691074800000,0.00015519
1691064000000,0.00015766
1691053200000,0.00015553
1691031600000,0.00015718
1691028000000,0.0001599
1691020800000,0.0001559
1691002800000,0.0001559
1690999200000,0.00017345
1690995600000,0.00018239
1690988400000,0.00016377
1690984800000,0.00016073
1690966800000,0.00015585
1690963200000,0.00016041
1690952400000,0.00015482
1690941600000,0.00015294
1690938000000,0.00015054
1690934400000,0.00014849
1690923600000,0.00014849
1690916400000,0.0001513
1690891200000,0.0001532
1690876800000,0.0001515
1690858800000,0.00015
1690848000000,0.00014821
1690819200000,0.00014821
1690790400000,0.00014971
1690776000000,0.00014809
1690772400000,0.00015071
1690761600000,0.00015414
1690754400000,0.00015414
1690750800000,0.00015251
1690714800000,0.00014866
1690675200000,0.00015022
1690635600000,0.00015022
1690588800000,0.00014849
1690574400000,0.00014849
1690570800000,0.00015008
1690502400000,0.00015289
1690480800000,0.00015289
1690477200000,0.00015289
1690462800000,0.0001546
1690419600000,0.00015281
1690416000000,0.00015127
1690362000000,0.00015127
1690351200000,0.0001493
1690340400000,0.00015539
1690336800000,0.00015711
1690329600000,0.00015382
1690300800000,0.00015382
1690297200000,0.00015152
1690293600000,0.00018414
1690254000000,0.00014731
1690243200000,0.0001503
1690225200000,0.0001503
1690218000000,0.00015197
1690203600000,0.00015414
1690196400000,0.00015218
1690185600000,0.00014989
1690156800000,0.00014731
1690088400000,0.00014731
1690070400000,0.00014731
1690002000000,0.00014731
1689984000000,0.00014731
1689912000000,0.00014731
1689908400000,0.00014731
1689904800000,0.00015095
1689897600000,0.00014731
1689825600000,0.00014731
1689811200000,0.00015399
1689750000000,0.00015399
1689746400000,0.00018414
1689742800000,0.00014731
1689724800000,0.00015503
1689685200000,0.00015503
1689674400000,0.00015288
1689649200000,0.00014757
1689638400000,0.00015104
1689634800000,0.00015104
1689598800000,0.00014952
1689573600000,0.00014757
1689562800000,0.00014954
1689559200000,0.0001526
1689552000000,0.00014975
1689544800000,0.00014975
1689519600000,0.00014822
1689516000000,0.00015075
1689472800000,0.00018302
1689465600000,0.00017589
1689440400000,0.00017589
1689436800000,0.00017832
1689404400000,0.00017599
1689397200000,0.00017402
1689393600000,0.00018797
1689390000000,0.00019688
1689386400000,0.00021337
1689382800000,0.00020788
1689379200000,0.00021123
1689375600000,0.0002045
1689368400000,0.00020173
1689364800000,0.00020905
1689361200000,0.00020322
1689357600000,0.00027096
1689354000000,0.00029655
1689346800000,0.00026293
1689343200000,0.0002575
1689339600000,0.00026098
1689336000000,0.00026391
1689332400000,0.00027547
1689328800000,0.00030085
1689325200000,0.00030455
1689318000000,0.00029399
1689314400000,0.00023519
1689310800000,0.00018815
1689307200000,0.00017761
1689300000000,0.00015218
1689292800000,0.0001452
1689289200000,0.0001452
1689274800000,0.00014672
1689271200000,0.0001528
1689220800000,0.00014354
1689217200000,0.00014588
1689206400000,0.00015302
1689202800000,0.00015078
1689166800000,0.00014544
1689127200000,0.00014387
1689120000000,0.00014737
1689037200000,0.00014737
1689033600000,0.00014414
1689022800000,0.00014105
1688986800000,0.00014375
1688976000000,0.00014163
1688972400000,0.00013716
1688958000000,0.00013859
1688954400000,0.00014099
1688950800000,0.00013872
1688947200000,0.00013708
1688886000000,0.00013708
1688860800000,0.00013861
1688796000000,0.00013861
1688792400000,0.00013861
1688774400000,0.00014579
1688734800000,0.00014335
1688713200000,0.00014147
1688709600000,0.00014502
1688706000000,0.00015084
1688695200000,0.00017301
1688691600000,0.00017128
1688688000000,0.00016921
1688680800000,0.00016747
1688677200000,0.00015692
1688662800000,0.00015426
1688619600000,0.00015164
1688601600000,0.0001533
1688590800000,0.0001533
1688583600000,0.0001516
1688576400000,0.00015419
1688572800000,0.00015025
1688533200000,0.00015211
1688515200000,0.00015756
1688497200000,0.00015756
1688493600000,0.00018546
1688490000000,0.00020022
1688486400000,0.00021349
1688482800000,0.00020574
1688479200000,0.00019804
1688475600000,0.00020112
1688472000000,0.0002058
1688468400000,0.00021325
1688464800000,0.00021741
1688461200000,0.00022336
1688457600000,0.00021746
1688454000000,0.00022
1688450400000,0.00019454
1688428800000,0.00015948
1688403600000,0.00015948
1688400000000,0.00015337
1688396400000,0.00014555
1688378400000,0.00015048
1688360400000,0.00014404
1688353200000,0.0001405
1688342400000,0.00014341
1688302800000,0.00014341
1688277600000,0.00015077
1688256000000,0.00014892
1688180400000,0.00014892
1688176800000,0.00014892
1688173200000,0.00014726
1688169600000,0.00014523
1688166000000,0.00014523
1688151600000,0.00014728
1688148000000,0.00016953
1688144400000,0.00017799
1688140800000,0.00021783
1688137200000,0.00024584
1688133600000,0.00023493
1688130000000,0.0002392
1688126400000,0.00024223
1688122800000,0.00025984
1688112000000,0.00021094
1688108400000,0.00018613
1688104800000,0.0001489
1688101200000,0.0001512
1688097600000,0.00014916
1688083200000,0.00014765
1688050800000,0.00014765
1688025600000,0.0001447
1688022000000,0.00014693
1688011200000,0.00014531
1688000400000,0.0001493
1687996800000,0.00014643
1687986000000,0.00014643
1687978800000,0.00014479
1687975200000,0.00014924
1687960800000,0.00015307
1687917600000,0.00014926
1687910400000,0.00014745
1687892400000,0.00014745
1687888800000,0.00016401
1687885200000,0.00015042
1687856400000,0.00014831
1687852800000,0.00014281
1687849200000,0.00016234
1687845600000,0.00021645
1687842000000,0.00017316
1687838400000,0.00015275
1687827600000,0.00016813
1687824000000,0.00016362
1687795200000,0.00015787
1687770000000,0.00016009
1687766400000,0.00016362
1687762800000,0.00016965
1687759200000,0.00017193
1687755600000,0.00016336
1687737600000,0.0001599
1687672800000,0.0001599
1687651200000,0.00015803
1687582800000,0.00015803
1687579200000,0.00015803
1687564800000,0.00015995
1687543200000,0.00015995
1687539600000,0.00016277
1687536000000,0.00014837
1687532400000,0.00015159
1687514400000,0.00014484
1687500000000,0.00017856
1687478400000,0.0001758
1687474800000,0.0001758
1687456800000,0.00017764
1687446000000,0.00018287
1687438800000,0.00018505
1687431600000,0.00018717
1687428000000,0.00016904
1687424400000,0.00022229
1687420800000,0.00018787
1687413600000,0.00015029
1687410000000,0.00014409
1687402800000,0.00014222
1687392000000,0.0001394
1687384800000,0.0001394
1687370400000,0.00013708
1687334400000,0.00014005
1687320000000,0.00013866
1687309200000,0.00013643
1687305600000,0.00013499
1687294800000,0.00013499
1687287600000,0.00013848
1687255200000,0.00013682
1687219200000,0.00013349
1687194000000,0.00013349
1687190400000,0.00013507
1687168800000,0.00013122
1687158000000,0.00012982
1687154400000,0.0001271
1687132800000,0.0001299
1687046400000,0.0001299
1686996000000,0.0001299
1686988800000,0.00012859
1686985200000,0.00012679
1686967200000,0.00012825
1686960000000,0.00012598
1686949200000,0.00012598
1686942000000,0.00012736
1686920400000,0.00012905
1686916800000,0.0001269
1686906000000,0.00012881
1686902400000,0.00013072
1686895200000,0.0001283
1686880800000,0.00012675
1686873600000,0.00012294
1686859200000,0.00012294
1686852000000,0.00012475
1686837600000,0.00012605
1686787200000,0.00012782
1686783600000,0.00012782
1686780000000,0.00013203
1686776400000,0.00012598
1686769200000,0.000124
1686765600000,0.00012608
1686758400000,0.00012741
1686736800000,0.00012913
1686700800000,0.0001275
1686686400000,0.0001275
1686668400000,0.00012905
1686664800000,0.00013225
1686661200000,0.00012963
1686636000000,0.00012753
1686614400000,0.00012514
1686600000000,0.00012514
1686567600000,0.00012643
1686528000000,0.00012477
1686506400000,0.00012477
1686466800000,0.00012655
1686463200000,0.00012828
1686456000000,0.00012503
1686445200000,0.00012651
1686441600000,0.00013906
1686434400000,0.00013906
1686423600000,0.00013733
1686405600000,0.00013885
1686402000000,0.0001367
1686398400000,0.00013451
1686394800000,0.00013234
1686391200000,0.00013841
1686387600000,0.00013539
1686384000000,0.00014165
1686380400000,0.00013657
1686376800000,0.00015405
1686373200000,0.00012324
1686355200000,0.00013609
1686337200000,0.00013609
1686326400000,0.0001388
1686322800000,0.00014046
1686294000000,0.0001366
1686268800000,0.00013508
1686250800000,0.00013508
1686247200000,0.00013798
1686211200000,0.00013616
1686182400000,0.00013464
1686171600000,0.00013464
1686168000000,0.00014189
1686157200000,0.00013705
1686142800000,0.0001395
1686135600000,0.00014582
1686128400000,0.00014066
1686117600000,0.00013922
1686114000000,0.0001363
1686103200000,0.00013474
1686096000000,0.00013058
1686088800000,0.00012882
1686078000000,0.00012708
1686074400000,0.00012906
1686070800000,0.00013062
1686067200000,0.00012853
1686038400000,0.00013091
1686024000000,0.00012908
1686020400000,0.00012054
1686016800000,0.00012987
1686009600000,0.00012286
1685998800000,0.00012286
1685991600000,0.0001251
1685988000000,0.00013498
1685984400000,0.00012886
1685980800000,0.00012452
1685973600000,0.00012315
1685955600000,0.00012192
1685952000000,0.00012988
1685923200000,0.00013789
1685898000000,0.00013789
1685847600000,0.00013636
1685844000000,0.00014108
1685840400000,0.00013918
1685836800000,0.00013724
1685800800000,0.00013724
1685775600000,0.00013586
1685761200000,0.00013772
1685757600000,0.00014209
1685750400000,0.00013868
1685732400000,0.00013868
1685718000000,0.00014079
1685703600000,0.00013929
1685696400000,0.00014075
1685689200000,0.00013861
1685674800000,0.00013624
1685667600000,0.0001432
1685664000000,0.00013842
1685638800000,0.00013842
1685620800000,0.00014008
1685577600000,0.00013723
1685559600000,0.00013723
1685556000000,0.00014139
1685527200000,0.00013829
1685509200000,0.00013969
1685491200000,0.00014116
1685473200000,0.00014116
1685458800000,0.00014475
1685455200000,0.00015148
1685451600000,0.00014883
1685448000000,0.00014701
1685433600000,0.00014509
1685404800000,0.00014294
1685394000000,0.00014294
1685372400000,0.00014458
1685368800000,0.00014692
1685361600000,0.00014408
1685350800000,0.00014236
1685347200000,0.00014061
1685329200000,0.00013876
1685325600000,0.0001357
1685318400000,0.00013303
1685232000000,0.00013303
1685185200000,0.00013303
1685145600000,0.00013485
1685127600000,0.00013485
1685106000000,0.00013896
1685102400000,0.00014147
1685098800000,0.00014413
1685080800000,0.00013961
1685059200000,0.0001364
1685034000000,0.0001364
1685030400000,0.00013862
1684994400000,0.00013568
1684990800000,0.00013258
1684972800000,0.00014015
1684954800000,0.00014015
1684951200000,0.00014252
1684926000000,0.00014444
1684922400000,0.00015005
1684915200000,0.00014698
1684886400000,0.00014851
1684864800000,0.00014851
1684846800000,0.00015011
1684825200000,0.00015198
1684821600000,0.00014942
1684818000000,0.00014734
1684800000000,0.0001427
1684731600000,0.0001427
1684713600000,0.00014458
1684692000000,0.00014458
1684652400000,0.00014302
1684627200000,0.0001445
1684605600000,0.0001445
1684602000000,0.00014706
1684580400000,0.00014383
1684540800000,0.00014537
1684537200000,0.00014537
1684522800000,0.00014383
1684519200000,0.00014178
1684501200000,0.00014323
1684454400000,0.00014479
1684443600000,0.00014479
1684436400000,0.00014675
1684371600000,0.00014515
1684368000000,0.00014333
1684360800000,0.00014333
1684332000000,0.00014185
1684328400000,0.00014026
1684292400000,0.00013751
1684281600000,0.00013464
1684224000000,0.00013464
1684213200000,0.00013611
1684209600000,0.00014513
1684206000000,0.00014245
1684202400000,0.00013597
1684198800000,0.00013351
1684195200000,0.00013623
1684177200000,0.00013623
1684148400000,0.00013814
1684108800000,0.00013976
1684083600000,0.00013976
1684026000000,0.00013805
1684022400000,0.00014015
1683943200000,0.00013743
1683936000000,0.00013577
1683918000000,0.00013577
1683910800000,0.00013763
1683903600000,0.00014143
1683896400000,0.00013968
1683889200000,0.00013804
1683878400000,0.00013645
1683874800000,0.00013494
1683860400000,0.0001332
1683856800000,0.00013164
1683853200000,0.00013368
1683849600000,0.0001315
1683835200000,0.0001315
1683824400000,0.00013368
1683820800000,0.00013574
1683817200000,0.00013405
1683810000000,0.00013088
1683795600000,0.00013258
1683784800000,0.00013396
1683781200000,0.00013058
1683777600000,0.00013337
1683774000000,0.00013061
1683770400000,0.00013384
1683763200000,0.00012947
1683759600000,0.00013534
1683745200000,0.00013296
1683741600000,0.00013811
1683738000000,0.00013388
1683734400000,0.00013672
1683730800000,0.00013487
1683727200000,0.00013715
1683709200000,0.0001352
1683705600000,0.00013806
1683702000000,0.0001334
1683691200000,0.00013499
1683687600000,0.00013078
1683684000000,0.00013213
1683680400000,0.00013423
1683676800000,0.00013023
1683669600000,0.00013172
1683666000000,0.00013349
1683662400000,0.0001299
1683648000000,0.0001336
1683644400000,0.00013113
1683633600000,0.00013291
1683630000000,0.00013665
1683626400000,0.00013233
1683615600000,0.00013537
1683612000000,0.00013365
1683608400000,0.00013173
1683590400000,0.00013488
1683586800000,0.00013488
1683579600000,0.00013638
1683572400000,0.00014133
1683558000000,0.00013966
1683550800000,0.0001428
1683547200000,0.00014839
1683543600000,0.00014137
1683540000000,0.00014541
1683532800000,0.00014287
1683529200000,0.0001446
1683522000000,0.00014736
1683518400000,0.00015518
1683504000000,0.00015037
1683464400000,0.00015037
1683442800000,0.00015221
1683432000000,0.00015391
1683417600000,0.00015173
1683399600000,0.00015173
1683392400000,0.00015933
1683356400000,0.00016424
1683349200000,0.00016953
1683342000000,0.00016338
1683331200000,0.0001768
1683320400000,0.0001768
1683316800000,0.00020131
1683313200000,0.00020714
1683309600000,0.00020078
1683306000000,0.00019867
1683302400000,0.00018765
1683298800000,0.00017372
1683273600000,0.00016644
1683262800000,0.00016429
1683252000000,0.00016607
1683248400000,0.00016413
1683244800000,0.00016973
1683216000000,0.00016582
1683212400000,0.00018996
1683208800000,0.00018682
1683205200000,0.00019657
1683201600000,0.00018935
1683198000000,0.00017315
1683169200000,0.00016686
1683162000000,0.0001651
1683158400000,0.00016212
1683144000000,0.00016212
1683122400000,0.0001643
1683104400000,0.00016137
1683079200000,0.00016323
1683072000000,0.00016156
1683061200000,0.00016156
1683007200000,0.00016321
1683003600000,0.00016125
1682985600000,0.00016512
1682982000000,0.00016512
1682960400000,0.00016317
1682917200000,0.00016142
1682910000000,0.00016493
1682906400000,0.00017372
1682902800000,0.00017163
1682899200000,0.00016783
1682877600000,0.00016616
1682845200000,0.00016248
1682812800000,0.00016432
1682762400000,0.00016432
1682755200000,0.00016266
1682726400000,0.00016452
1682697600000,0.00016452
1682679600000,0.00016623
1682672400000,0.00016444
1682661600000,0.00016264
1682658000000,0.00016009
1682643600000,0.0001572
1682640000000,0.0001544
1682625600000,0.0001544
1682607600000,0.00015272
1682582400000,0.00015113
1682575200000,0.00015484
1682557200000,0.00015254
1682553600000,0.0001554
1682550000000,0.0001554
1682546400000,0.00018883
1682542800000,0.00017788
1682524800000,0.00016493
1682521200000,0.00016308
1682510400000,0.00015541
1682485200000,0.00015356
1682481600000,0.00015113
1682478000000,0.00014885
1682474400000,0.00015493
1682467200000,0.00015263
1682463600000,0.00015263
1682460000000,0.00014898
1682398800000,0.0001472
1682391600000,0.00014981
1682380800000,0.00014704
1682362800000,0.00014704
1682348400000,0.00014931
1682330400000,0.00014701
1682312400000,0.00014852
1682308800000,0.00015138
1682294400000,0.00015412
1682283600000,0.00015412
1682254800000,0.00015588
1682244000000,0.00015777
1682218800000,0.00015575
1682208000000,0.00015866
1682190000000,0.00015866
1682186400000,0.00016657
1682121600000,0.00016367
1682107200000,0.00016367
1682074800000,0.00016107
1682067600000,0.00016304
1682060400000,0.00016036
1682056800000,0.00020598
1682053200000,0.00020272
1682049600000,0.00021755
1682042400000,0.00017404
1682035200000,0.00017196
1682017200000,0.00017196
1682010000000,0.00016814
1682002800000,0.00016565
1681999200000,0.00016746
1681995600000,0.00017151
1681988400000,0.00016945
1681984800000,0.00017775
1681981200000,0.00017197
1681977600000,0.00016963
1681959600000,0.00016653
1681952400000,0.00016961
1681948800000,0.00017316
1681927200000,0.00017316
1681923600000,0.00018008
1681920000000,0.00018358
1681916400000,0.00017932
1681912800000,0.00017135
1681909200000,0.00016688
1681905600000,0.00018684
1681902000000,0.00017226
1681894800000,0.00017657
1681891200000,0.00017302
1681880400000,0.0001678
1681873200000,0.00016982
1681862400000,0.00017284
1681855200000,0.00016963
1681844400000,0.0001744
1681840800000,0.00017211
1681833600000,0.00017694
1681830000000,0.00018061
1681826400000,0.00018755
1681822800000,0.00020492
1681812000000,0.00018485
1681808400000,0.00018223
1681804800000,0.00017649
1681801200000,0.00016912
1681797600000,0.00021277
1681794000000,0.0001917
1681786800000,0.00017189
1681776000000,0.00017016
1681758000000,0.00017016
1681754400000,0.00017342
1681750800000,0.00019332
1681747200000,0.00018303
1681729200000,0.00016958
1681725600000,0.00017436
1681722000000,0.00016934
1681718400000,0.00017454
1681714800000,0.00016975
1681711200000,0.00017457
1681693200000,0.00016929
1681689600000,0.00018513
1681686000000,0.00017323
1681682400000,0.00016926
1681664400000,0.00016749
1681657200000,0.00016571
1681653600000,0.00016806
1681642800000,0.00016552
1681639200000,0.00016814
1681621200000,0.00017174
1681610400000,0.00016989
1681603200000,0.00016682
1681581600000,0.00016682
1681516800000,0.00016489
1681495200000,0.00016489
1681491600000,0.00016791
1681488000000,0.00017062
1681470000000,0.00016813
1681462800000,0.0002193
1681459200000,0.00020734
1681452000000,0.00016587
1681441200000,0.00016394
1681430400000,0.00016232
1681390800000,0.00016232
1681387200000,0.00016027
1681354800000,0.00015707
1681351200000,0.00015498
1681344000000,0.00016078
1681340400000,0.00016078
1681336800000,0.00017094
1681318800000,0.00016414
1681300800000,0.00016248
1681257600000,0.00016058
1681239600000,0.00016058
1681236000000,0.00016313
1681232400000,0.00016516
1681228800000,0.00016695
1681210800000,0.00016495
1681203600000,0.00016696
1681196400000,0.00016528
1681189200000,0.00016199
1681171200000,0.00015794
1681160400000,0.00015578
1681153200000,0.00015413
1681146000000,0.00015171
1681088400000,0.00015355
1681084800000,0.00015173
1681066800000,0.00015173
1681063200000,0.00015375
1681038000000,0.00015203
1681009200000,0.00015362
1680998400000,0.00015522
1680994800000,0.00015522
1680991200000,0.00015701
1680912000000,0.00015531
1680879600000,0.00015792
1680876000000,0.00015956
1680858000000,0.00015721
1680850800000,0.00015907
1680847200000,0.00015653
1680843600000,0.00015833
1680825600000,0.00015648
1680807600000,0.00015648
1680786000000,0.00015841
1680782400000,0.00016231
1680771600000,0.00015803
1680750000000,0.00015969
1680746400000,0.00016597
1680739200000,0.00016413
1680717600000,0.00016413
1680678000000,0.00016694
1680670800000,0.00016461
1680667200000,0.00016253
1680663600000,0.00016075
1680656400000,0.00015655
1680652800000,0.00015427
1680645600000,0.00015427
1680631200000,0.00015594
1680616800000,0.00015994
1680613200000,0.0001565
1680606000000,0.00015157
1680602400000,0.00015343
1680573600000,0.0001505
1680570000000,0.00014799
1680566400000,0.00015245
1680562800000,0.00015245
1680559200000,0.00016061
1680555600000,0.0001546
1680548400000,0.00015238
1680526800000,0.00015496
1680512400000,0.00015701
1680494400000,0.00015862
1680487200000,0.00016128
1680480000000,0.00015917
1680476400000,0.00015917
1680469200000,0.00016292
1680465600000,0.00016592
1680462000000,0.00016422
1680454800000,0.00016653
1680444000000,0.00016908
1680440400000,0.00016699
1680408000000,0.00016919
1680393600000,0.00016688
1680372000000,0.00016688
1680336000000,0.00016998
1680321600000,0.00016814
1680314400000,0.00016612
1680307200000,0.00016176
1680289200000,0.00016366
1680282000000,0.00016599
1680278400000,0.00016403
1680256800000,0.00016215
1680253200000,0.00016051
1680242400000,0.00015877
1680231600000,0.00015673
1680224400000,0.00016116
1680220800000,0.0001589
1680210000000,0.0001589
1680195600000,0.00016058
1680184800000,0.00016258
1680170400000,0.00016082
1680166800000,0.00015847
1680163200000,0.00015621
1680148800000,0.00015843
1680145200000,0.0001545
1680141600000,0.00015252
1680138000000,0.00015485
1680134400000,0.0001532
1680102000000,0.0001532
1680094800000,0.000151
1680091200000,0.00014532
1680087600000,0.0001431
1680062400000,0.00013977
1680058800000,0.0001472
1680051600000,0.00015759
1680048000000,0.00015602
1680037200000,0.00015602
1680030000000,0.00015415
1679986800000,0.00015631
1679961600000,0.00015434
1679943600000,0.0001511
1679940000000,0.00015658
1679932800000,0.00015486
1679900400000,0.00015225
1679896800000,0.00014981
1679893200000,0.00014829
1679878800000,0.00014994
1679875200000,0.00014709
1679860800000,0.00014709
1679857200000,0.00015239
1679792400000,0.00015429
1679788800000,0.00015149
1679785200000,0.00015149
1679781600000,0.00015574
1679778000000,0.00015359
1679763600000,0.00015615
1679727600000,0.00015822
1679713200000,0.00016404
1679706000000,0.00017079
1679702400000,0.00016644
1679684400000,0.00016401
1679677200000,0.00016806
1679670000000,0.00017094
1679644800000,0.0001683
1679641200000,0.00016568
1679623200000,0.00016887
1679619600000,0.00015895
1679616000000,0.00015371
1679605200000,0.00015371
1679590800000,0.00015528
1679587200000,0.00015124
1679583600000,0.0001529
1679565600000,0.00014998
1679547600000,0.00015326
1679544000000,0.00015942
1679540400000,0.00016343
1679533200000,0.00016541
1679529600000,0.00017758
1679526000000,0.00017296
1679522400000,0.00017047
1679518800000,0.00018686
1679515200000,0.00024915
1679511600000,0.00024485
1679508000000,0.00023704
1679504400000,0.00025395
1679500800000,0.00024305
1679497200000,0.00021081
1679493600000,0.00018675
1679490000000,0.0001731
1679486400000,0.00017545
1679482800000,0.00019164
1679479200000,0.00018776
1679475600000,0.00017173
1679472000000,0.00018021
1679468400000,0.0001761
1679464800000,0.00016946
1679450400000,0.00016748
1679446800000,0.00017057
1679443200000,0.00017481
1679432400000,0.00017038
1679428800000,0.00017929
1679425200000,0.00017222
1679421600000,0.00017528
1679418000000,0.0001845
1679414400000,0.0001928
1679407200000,0.00020002
1679400000000,0.00018305
1679389200000,0.00020197
1679385600000,0.00024809
1679382000000,0.00022255
1679378400000,0.00018076
1679374800000,0.00016811
1679367600000,0.00017804
1679364000000,0.00021243
1679360400000,0.00023803
1679356800000,0.00026522
1679353200000,0.00023373
1679349600000,0.00018699
1679346000000,0.00018947
1679342400000,0.00022018
1679338800000,0.00021589
1679335200000,0.00022668
1679331600000,0.00024556
1679324400000,0.00032741
1679320800000,0.00031401
1679317200000,0.00029114
1679313600000,0.00026613
1679310000000,0.00026276
1679306400000,0.00025981
1679302800000,0.00022194
1679299200000,0.0001875
1679295600000,0.00018296
1679292000000,0.00018543
1679288400000,0.00019817
1679284800000,0.00020536
1679281200000,0.00021963
1679277600000,0.00022275
1679274000000,0.00021899
1679270400000,0.00024235
1679259600000,0.00023969
1679256000000,0.00023344
1679252400000,0.00022329
1679248800000,0.00021015
1679241600000,0.0001854
1679238000000,0.00020423
1679234400000,0.00022117
1679230800000,0.00021792
1679227200000,0.00020976
1679220000000,0.00023712
1679216400000,0.00024695
1679212800000,0.00026348
1679202000000,0.00026624
1679198400000,0.00028996
1679194800000,0.00034412
1679191200000,0.00034931
1679187600000,0.00034271
1679184000000,0.0003521
1679169600000,0.0003521
1679166000000,0.00034624
1679155200000,0.00033962
1679140800000,0.00033419
1679137200000,0.0003308
1679130000000,0.00034184
1679119200000,0.00033831
1679115600000,0.00033421
1679112000000,0.0003308
1679108400000,0.00032633
1679104800000,0.00033124
1679097600000,0.00033802
1679090400000,0.00033802
1679083200000,0.0003328
1679079600000,0.00033649
1679076000000,0.00032916
1679068800000,0.00032419
1679061600000,0.00032768
1679058000000,0.000341
1679054400000,0.00033219
1679050800000,0.00028537
1679047200000,0.00025889
1679043600000,0.00024494
1679040000000,0.00024898
1679036400000,0.0002252
1679032800000,0.00022217
1679029200000,0.0001885
1679025600000,0.00016571
1679022000000,0.00016208
1679014800000,0.00016531
1679011200000,0.00017477
1679007600000,0.00016762
1679000400000,0.0001659
1678964400000,0.00016759
1678960800000,0.00017083
1678957200000,0.00017592
1678953600000,0.00017119
1678950000000,0.00021439
1678946400000,0.00031631
1678942800000,0.00029693
1678939200000,0.00027792
1678935600000,0.00028753
1678932000000,0.00027238
1678928400000,0.00041121
1678924800000,0.00046394
1678921200000,0.00045681
1678914000000,0.00045019
1678906800000,0.00044132
1678903200000,0.00043054
1678899600000,0.00041293
1678896000000,0.00040262
1678888800000,0.00041658
1678885200000,0.00042397
1678870800000,0.00044823
1678867200000,0.00045284
1678860000000,0.00043776
1678838400000,0.00043297
1678816800000,0.00043297
1678813200000,0.00044799
1678809600000,0.00045474
1678802400000,0.00046271
1678798800000,0.00044236
1678791600000,0.00043304
1678788000000,0.00043907
1678780800000,0.00043326
1678777200000,0.00045067
1678773600000,0.00052901
1678770000000,0.00045488
1678766400000,0.00023541
1678762800000,0.00021426
1678759200000,0.00021203
1678752000000,0.00020887
1678744800000,0.00020887
1678734000000,0.00021147
1678730400000,0.00021492
1678726800000,0.00023846
1678723200000,0.00020765
1678719600000,0.00018566
1678708800000,0.00018135
1678705200000,0.00017832
1678694400000,0.00017596
1678687200000,0.00017198
1678683600000,0.0001695
1678680000000,0.00016529
1678672800000,0.00016238
1678669200000,0.00014825
1678665600000,0.00014476
1678662000000,0.00014476
1678658400000,0.00014304
1678654800000,0.0001455
1678622400000,0.00014851
1678615200000,0.00014673
1678582800000,0.00014488
1678579200000,0.00014277
1678546800000,0.00014277
1678536000000,0.0001413
1678528800000,0.00013895
1678525200000,0.00013667
1678521600000,0.00013495
1678514400000,0.00013174
1678507200000,0.00013003
1678503600000,0.00012659
1678500000000,0.00012036
1678492800000,0.0001226
1678478400000,0.00012067
1678474800000,0.0001349
1678467600000,0.00014726
1678464000000,0.000145
1678460400000,0.00014258
1678456800000,0.0001396
1678453200000,0.00013733
1678449600000,0.00013526
1678446000000,0.00013362
1678442400000,0.0001318
1678438800000,0.00013321
1678435200000,0.00013612
1678431600000,0.00013423
1678428000000,0.00013237
1678424400000,0.0001348
1678420800000,0.00013751
1678417200000,0.00013611
1678413600000,0.00014203
1678410000000,0.00014761
1678406400000,0.00018845
1678402800000,0.0001736
1678399200000,0.00016725
1678395600000,0.00016069
1678377600000,0.00015902
1678366800000,0.00015572
1678356000000,0.00015343
1678341600000,0.0001508
1678323600000,0.00014918
1678320000000,0.00014741
1678291200000,0.00014741
1678237200000,0.00014547
1678233600000,0.00014395
1678190400000,0.00014395
1678179600000,0.00014247
1678165200000,0.00013985
1678154400000,0.00013794
1678150800000,0.00013533
1678147200000,0.00013126
1678132800000,0.00013126
1678129200000,0.00013268
1678111200000,0.00013428
1678096800000,0.00014213
1678089600000,0.00013859
1678086000000,0.0001359
1678078800000,0.00013418
1678071600000,0.00013609
1678068000000,0.00013853
1678064400000,0.00014219
1678060800000,0.00014722
1678010400000,0.00014722
1677978000000,0.0001448
1677974400000,0.00014892
1677967200000,0.00014892
1677949200000,0.00014718
1677945600000,0.00014904
1677891600000,0.00015098
1677888000000,0.00015499
1677880800000,0.00015499
1677870000000,0.000153
1677866400000,0.00015547
1677855600000,0.00015969
1677844800000,0.00016241
1677841200000,0.00016033
1677834000000,0.00018175
1677830400000,0.00019604
1677823200000,0.00019224
1677819600000,0.00018211
1677812400000,0.0001855
1677808800000,0.00017768
1677801600000,0.00017347
1677787200000,0.00017347
1677780000000,0.00017593
1677769200000,0.00017802
1677762000000,0.0001801
1677758400000,0.00018302
1677751200000,0.00017954
1677715200000,0.00018182
1677690000000,0.00018182
1677682800000,0.00018501
1677679200000,0.00018896
1677668400000,0.00019118
1677664800000,0.00017873
1677661200000,0.00017182
1677657600000,0.00016847
1677650400000,0.0001636
1677628800000,0.00025617
1677542400000,0.00025617
1677456000000,0.00025617
1677369600000,0.00025617
1677283200000,0.00025617
1677196800000,0.00025617
1677110400000,0.00025617
1677024000000,0.00025617
1676937600000,0.00025617
1676851200000,0.00025617
1676811600000,0.00025617
1676764800000,0.0002637
1676678400000,0.0002637
1676592000000,0.0002637
1676559600000,0.0002637
1676505600000,0.00025617
1676419200000,0.00025617
1676332800000,0.00025617
1676246400000,0.00025617
1676160000000,0.00025617
1676073600000,0.00025617
1675987200000,0.00025617
1675900800000,0.00025617
1675814400000,0.00025617
1675728000000,0.00025617
1675641600000,0.00025617
1675555200000,0.00025617
1675468800000,0.00025617
1675432800000,0.00025617
1675400400000,0.00022605
1675382400000,0.00021846
1675350000000,0.00021096
1675335600000,0.00020342
1675296000000,0.00019591
1675285200000,0.00019591
1675209600000,0.00019261
1675195200000,0.00019261
1675123200000,0.00018956
1675036800000,0.00018956
1674950400000,0.00018956
1674864000000,0.00018956
1674777600000,0.00018956
1674691200000,0.00018956
1674640800000,0.00018956
1674604800000,0.00018205
1674594000000,0.00018205
1674518400000,0.00017901
1674432000000,0.00017901
1674345600000,0.00017901
1674291600000,0.00017901
1674259200000,0.00017178
1674172800000,0.00017178
1674086400000,0.00017178
1674021600000,0.00017178
1674000000000,0.00016425
1673913600000,0.00016425
1673827200000,0.00016425
1673773200000,0.00016425
1673740800000,0.00015672
1673676000000,0.00015672
1673654400000,0.00015159
1673568000000,0.00015159
1673492400000,0.00015159
1673481600000,0.00014556
1673395200000,0.00014556
1673308800000,0.00014556
1673222400000,0.00014556
1673136000000,0.00014556
1673049600000,0.00014556
1672963200000,0.00014556
1672876800000,0.00014556
1672790400000,0.00014556
1672704000000,0.00014556
1672617600000,0.00014556
1672531200000,0.00014556
1672444800000,0.00014556
1672358400000,0.00014556
1672272000000,0.00014556
1672185600000,0.00014556
1672099200000,0.00014556
1672012800000,0.00014556
1671926400000,0.00014556
1671840000000,0.00014556
1671753600000,0.00014556
1671667200000,0.00014556
1671580800000,0.00014556
1671494400000,0.00014556
1671408000000,0.00014556
1671321600000,0.00014556
1671235200000,0.00014556
1671148800000,0.00014556
1671112800000,0.00014556
1671062400000,0.00013832
1670976000000,0.00013832
1670889600000,0.00013832
1670803200000,0.00013832
1670716800000,0.00013832
1670630400000,0.00013832
1670544000000,0.00013832
1670457600000,0.00013832
1670371200000,0.00013832
1670284800000,0.00013832
1670227200000,0.00013832
1670198400000,0.00012804
1670112000000,0.00012804
1670025600000,0.00012804
1669939200000,0.00012804
1669852800000,0.00012804
1669766400000,0.00012804
1669680000000,0.00012804
1669593600000,0.00012804
1669507200000,0.00012804
1669420800000,0.00012804
1669334400000,0.00012804
1669248000000,0.00012804
1669161600000,0.00012804
1669075200000,0.00012804
1668988800000,0.00012804
1668902400000,0.00012804
1668816000000,0.00012804
1668729600000,0.00012804
1668643200000,0.00012804
1668556800000,0.00012804
1668470400000,0.00012804
1668384000000,0.00012804
1668297600000,0.00012804
1668211200000,0.00012804
1668124800000,0.00012804
1668038400000,0.00012804
1667995200000,0.00012804
1667952000000,0.00011301
1667865600000,0.00011301
1667779200000,0.00011301
1667692800000,0.00011301
1667606400000,0.00011301
1667520000000,0.00011301
1667433600000,0.00011301
1667347200000,0.00011301
1667260800000,0.00011301
1667174400000,0.00011301
1667088000000,0.00011301
1667001600000,0.00011301
1666915200000,0.00011301
1666828800000,0.00011301
1666742400000,0.00011301
1666656000000,0.00011301
1666569600000,0.00011301
1666483200000,0.00011301
1666396800000,0.00011301
1666310400000,0.00011301
1666224000000,0.00011301
1666137600000,0.00011301
1666051200000,0.00011301
1665964800000,0.00011301
1665878400000,0.00011301
1665792000000,0.00011301
1665705600000,0.00011301
1665619200000,0.00011301
1665532800000,0.00011301
1665446400000,0.00011301
1665360000000,0.00011301
1665273600000,0.00011301
1665187200000,0.00011301
1665100800000,0.00011301
1665014400000,0.00011301
1664928000000,0.00011301
1664841600000,0.00011301
1664787600000,0.00011301
1664755200000,0.0001177
1664668800000,0.0001177
1664582400000,0.0001177
1664496000000,0.0001177
1664409600000,0.0001177
1664323200000,0.0001177
1664287200000,0.0001177
1664236800000,0.00012356
1664150400000,0.00012356
1664064000000,0.00012356
1663977600000,0.00012356
1663891200000,0.00012356
1663804800000,0.00012356
1663718400000,0.00012356
1663632000000,0.00012356
1663588800000,0.00012356
1663545600000,0.00012474
1663459200000,0.00012474
1663405200000,0.00012474
1663372800000,0.00013024
1663286400000,0.00013024
1663246800000,0.00013024
1663200000000,0.0001221
1663113600000,0.0001221
1663074000000,0.0001221
1663027200000,0.00011121
1662940800000,0.00011121
1662854400000,0.00011121
1662768000000,0.00011121
1662699600000,0.00011121
1662681600000,0.000055
1662595200000,0.00022
1662508800000,0.00022
1662422400000,0.00022
1662336000000,0.00022
1662249600000,0.00022
1662163200000,0.00022
1662076800000,0.00022
1661990400000,0.00022
1661904000000,0.00022
1661817600000,0.00022
1661731200000,0.00022
1661644800000,0.00022
1661558400000,0.00022
1661472000000,0.00022
1661385600000,0.00022
1661299200000,0.00022
1661212800000,0.00022
1661126400000,0.00022
1661040000000,0.00022
1660953600000,0.00022
1660867200000,0.00022
1660780800000,0.00022
1660694400000,0.00022
1660608000000,0.00022
1660521600000,0.00022
1660435200000,0.00022
1660348800000,0.00022
1660262400000,0.00022
1660176000000,0.00022
1660089600000,0.00022
1660003200000,0.00022
1659916800000,0.00022
1659830400000,0.00022
1659744000000,0.00022
1659657600000,0.00022
1659571200000,0.00022
1659484800000,0.00022
1659398400000,0.00022
1659312000000,0.00022
1659225600000,0.00022
1659139200000,0.00022
1659052800000,0.00022
1658966400000,0.00022
1658880000000,0.00022
1658793600000,0.00022
1658707200000,0.00022
1658620800000,0.00022
1658534400000,0.00022
1658448000000,0.00022
1658361600000,0.00022
1658275200000,0.00022
1658188800000,0.00022
1658102400000,0.00022
1658016000000,0.00022
1657929600000,0.00022
1657843200000,0.00022
1657756800000,0.00022
1657670400000,0.00022
1657584000000,0.00022
1657497600000,0.00022
1657411200000,0.00022
1657324800000,0.00022
1657238400000,0.00022
1657152000000,0.00022
1657065600000,0.00022
1656979200000,0.00022
1656892800000,0.00022
1656806400000,0.00022
1656720000000,0.00022
1656633600000,0.00022
1656547200000,0.00022
1656460800000,0.00022
1656374400000,0.00022
1656288000000,0.00022
1656201600000,0.00022
1656115200000,0.00022
1656028800000,0.00022
1655942400000,0.00022
1655856000000,0.00022
1655769600000,0.00022
1655683200000,0.00022
1655596800000,0.00022
1655510400000,0.00022
1655424000000,0.00022
1655337600000,0.00022
1655251200000,0.00022
1655164800000,0.00022
1655078400000,0.00022
1654992000000,0.00022
1654905600000,0.00022
1654819200000,0.00022
1654732800000,0.00022
1654646400000,0.00022
1654560000000,0.00022
1654473600000,0.00022
1654387200000,0.00022
1654300800000,0.00022
1654214400000,0.00022
1654128000000,0.00022
1654041600000,0.00022
1653955200000,0.00022
1653868800000,0.00022
1653782400000,0.00022
1653696000000,0.00022
1653609600000,0.00022
1653523200000,0.00022
1653436800000,0.00022
1653350400000,0.00022
1653264000000,0.00022
1653177600000,0.00022
1653091200000,0.00022
1653004800000,0.00022
1652918400000,0.00022
1652832000000,0.00022
1652745600000,0.00022
1652659200000,0.00022
1652572800000,0.00022
1652486400000,0.00022
1652400000000,0.00022
1652313600000,0.00022
1652227200000,0.00022
1652140800000,0.00022
1652054400000,0.00022
1651968000000,0.00022
1651881600000,0.00022
1651795200000,0.00022
1651708800000,0.00022
1651622400000,0.00022
1651536000000,0.00022
1651449600000,0.00022
1651363200000,0.00022
1651276800000,0.00022
1651190400000,0.00022
1651104000000,0.00022
1651017600000,0.00022
1650931200000,0.00022
1650844800000,0.00022
1650758400000,0.00022
1650672000000,0.00022
1650585600000,0.00022
1650499200000,0.00022
1650412800000,0.00022
1650326400000,0.00022
1650240000000,0.00022
1650153600000,0.00022
1650067200000,0.00022
1649980800000,0.00022
1649894400000,0.00022
1649808000000,0.00022
1649721600000,0.00022
1649635200000,0.00022
1649548800000,0.00022
1649462400000,0.00022
1649376000000,0.00022
1649289600000,0.00022
1649203200000,0.00022
1649116800000,0.00022
1649030400000,0.00022
1648944000000,0.00022
1648857600000,0.00022
1648771200000,0.00022
1648684800000,0.00022
1648598400000,0.00022
1648512000000,0.00022
1648425600000,0.00022
1648339200000,0.00022
1648252800000,0.00022
1648166400000,0.00022
1648080000000,0.00022
1647993600000,0.00022
1647907200000,0.00022
1647828000000,0.00022
1647820800000,0.00044
1647734400000,0.00044
1647648000000,0.00044
1647561600000,0.00044
1647511200000,0.00044
1647475200000,0.00066
1647388800000,0.00066
1647302400000,0.00066
1647216000000,0.00066
1647129600000,0.00066
1647043200000,0.00066
1646956800000,0.00066
1646870400000,0.00066
1646784000000,0.00066
1646697600000,0.00066
1646611200000,0.00066
1646524800000,0.00066
1646438400000,0.00066
1646352000000,0.00066
1646265600000,0.00066
1646179200000,0.00066
1646092800000,0.00066
1646006400000,0.00066
1645920000000,0.00066
1645833600000,0.00066
1645747200000,0.00066
1645660800000,0.00066
1645574400000,0.00066
1645488000000,0.00066
1645401600000,0.00066
1645315200000,0.00066
1645228800000,0.00066
1645142400000,0.00066
1645056000000,0.00066
1644969600000,0.00066
1644883200000,0.00066
1644796800000,0.00066
1644710400000,0.00066
1644624000000,0.00066
1644537600000,0.00066
1644451200000,0.00066
1644364800000,0.00066
1644278400000,0.00066
1644192000000,0.00066
1644105600000,0.00066
1644019200000,0.00066
1643932800000,0.00066
1643846400000,0.00066
1643760000000,0.00066
1643673600000,0.00066
1643587200000,0.00066
1643500800000,0.00066
1643414400000,0.00066
1643328000000,0.00066
1643241600000,0.00066
1643155200000,0.00066
1643068800000,0.00066
1642982400000,0.00066
1642896000000,0.00066
1642809600000,0.00066
1642723200000,0.00066
1642636800000,0.00066
1642550400000,0.00066
1642464000000,0.00066
1642377600000,0.00066
1642291200000,0.00066
1642204800000,0.00066
1642118400000,0.00066
1642032000000,0.00066
1641945600000,0.00066
1641859200000,0.00066
1641772800000,0.00066
1641686400000,0.00066
1641600000000,0.00066
1641513600000,0.00066
1641427200000,0.00066
1641340800000,0.00066
1641254400000,0.00066
1641168000000,0.00066
1641081600000,0.00066
1640995200000,0.00066
1640908800000,0.00066
1640822400000,0.00066
1640736000000,0.00066
1640649600000,0.00066
1640563200000,0.00066
1640476800000,0.00066
1640390400000,0.00066
1640304000000,0.00066
1640217600000,0.00066
1640131200000,0.00066
1640044800000,0.00066
1639958400000,0.00066
1639872000000,0.00066
1639785600000,0.00066
1639699200000,0.00066
1639612800000,0.00066
1639526400000,0.00066
1639440000000,0.00066
1639353600000,0.00066
1639267200000,0.00066
1639180800000,0.00066
1639094400000,0.00066
1639008000000,0.00066
1638921600000,0.00066
1638835200000,0.00066
1638748800000,0.00066
1638662400000,0.00066
1638576000000,0.00066
1638489600000,0.00066
1638403200000,0.00066
1638316800000,0.00066
1638230400000,0.00066
1638144000000,0.00066
1638057600000,0.00066
1637971200000,0.00066
1637884800000,0.00066
1637798400000,0.00066
1637712000000,0.00066
1637625600000,0.00066
1637539200000,0.00066
1637452800000,0.00066
1637366400000,0.00066
1637280000000,0.00066
1637193600000,0.00066
1637107200000,0.00066
1637020800000,0.00066
1636934400000,0.00066
1636848000000,0.00066
1636761600000,0.00066
1636675200000,0.00066
1636588800000,0.00066
1636502400000,0.00066
1636416000000,0.00066
1636329600000,0.00066
1636243200000,0.00066
1636156800000,0.00066
1636070400000,0.00066
1635984000000,0.00066
1635897600000,0.00066
1635811200000,0.00066
1635724800000,0.00066
1635638400000,0.00066
1635552000000,0.00066
1635465600000,0.00066
1635379200000,0.00066
1635292800000,0.00066
1635206400000,0.00066
1635120000000,0.00066
1635033600000,0.00066
1634947200000,0.00066
1634860800000,0.00066
1634774400000,0.00066
1634688000000,0.00066
1634601600000,0.00066
1634515200000,0.00066
1634428800000,0.00066
1634342400000,0.00066
1634256000000,0.00066
1634212800000,0.00066
1634169600000,0.00077
1634083200000,0.00077
1633996800000,0.00077
1633910400000,0.00077
1633824000000,0.00077
1633737600000,0.00077
1633651200000,0.00077
1633564800000,0.00077
1633478400000,0.00077
1633392000000,0.00077
1633305600000,0.00077
1633219200000,0.00077
1633132800000,0.00077
1633046400000,0.00077
1632960000000,0.00077
1632873600000,0.00077
1632787200000,0.00077
1632700800000,0.00077
1632614400000,0.00077
1632528000000,0.00077
1632441600000,0.00077
1632355200000,0.00077
1632268800000,0.00077
1632182400000,0.00077
1632096000000,0.00077
1632009600000,0.00077
1631923200000,0.00077
1631836800000,0.00077
1631750400000,0.00077
1631664000000,0.00077
1631577600000,0.00077
1631491200000,0.00077
1631404800000,0.00077
1631318400000,0.00077
1631232000000,0.00077
1631145600000,0.00077
1631059200000,0.00077
1630972800000,0.00077
1630886400000,0.00077
1630800000000,0.00077
1630713600000,0.00077
1630627200000,0.00077
1630540800000,0.00077
1630454400000,0.00077
1630368000000,0.00077
1630324800000,0.00077
1630281600000,0.00055
1630195200000,0.00055
1630108800000,0.00055
1630022400000,0.00055
1629936000000,0.00055
1629849600000,0.00055
1629763200000,0.00055
1629676800000,0.00055
1629590400000,0.00055
1629504000000,0.00055
1629417600000,0.00055
1629331200000,0.00055
1629244800000,0.00055
1629158400000,0.00055
1629072000000,0.00055
1628985600000,0.00055
1628899200000,0.00055
1628812800000,0.00055
1628726400000,0.00055
1628640000000,0.00055
1628553600000,0.00055
1628467200000,0.00055
1628380800000,0.00055
1628294400000,0.00055
1628208000000,0.00055
1628121600000,0.00055
1628035200000,0.00055
1627948800000,0.00055
1627898400000,0.00055
1627862400000,0.00066
1627776000000,0.00066
1627689600000,0.00066
1627603200000,0.00066
1627516800000,0.00066
1627430400000,0.00066
1627344000000,0.00055
1627257600000,0.00055
1627171200000,0.00055
1627084800000,0.00055
1626998400000,0.00055
1626912000000,0.00055
1626825600000,0.00055
1626739200000,0.00055
1626652800000,0.00055
1626566400000,0.00055
1626494400000,0.00055
1626480000000,0.00099
1626393600000,0.00099
1626307200000,0.00099
1626220800000,0.00099
1626134400000,0.00099
1626048000000,0.00099
1625961600000,0.00099
1625875200000,0.00099
1625788800000,0.00099
1625702400000,0.00099
1625616000000,0.00099
1625529600000,0.00099
1625443200000,0.00099
1625356800000,0.00099
1625270400000,0.00099
1625184000000,0.00099
1625097600000,0.00099
1625011200000,0.00099
1624924800000,0.00099
1624838400000,0.00099
1624752000000,0.00099
1624665600000,0.00099
1624579200000,0.00099
1624492800000,0.00099
1624406400000,0.00099
1624320000000,0.00099
1624233600000,0.00099
1624147200000,0.00099
1624060800000,0.00099
1623974400000,0.00099
1623888000000,0.00099
1623801600000,0.00099
1623715200000,0.00099
1623628800000,0.00099
1623542400000,0.00099
1623456000000,0.00099
1623369600000,0.00099
1623283200000,0.00099
1623196800000,0.00099
1623110400000,0.00099
1623024000000,0.00099
1622937600000,0.00099
1622851200000,0.00099
1622764800000,0.00099
1622678400000,0.00099
1622592000000,0.00099
1622505600000,0.00099
1622419200000,0.00099
1622332800000,0.00099
1622246400000,0.00099
1622160000000,0.00099
1622073600000,0.00099
1621987200000,0.00099
1621900800000,0.00099
1621814400000,0.00099
1621728000000,0.00099
1621641600000,0.00099
1621594800000,0.00099
1621555200000,0.00165
1621468800000,0.00165
1621382400000,0.00165
1621296000000,0.00165
1621209600000,0.00165
1621123200000,0.00165
1621036800000,0.00165
1620950400000,0.00165
1620864000000,0.00165
1620777600000,0.00165
1620691200000,0.00165
1620651600000,0.00165
1620604800000,0.00154
1620518400000,0.00154
1620432000000,0.00154
1620345600000,0.00154
1620259200000,0.00154
1620172800000,0.00154
1620086400000,0.00154
1620000000000,0.00154
1619913600000,0.00154
1619827200000,0.00154
1619766000000,0.00154
1619740800000,0.00165
1619654400000,0.00165
1619568000000,0.00165
1619481600000,0.00165
1619395200000,0.00165
1619308800000,0.00165
1619222400000,0.00165
1619136000000,0.00165
1619049600000,0.00165
1618963200000,0.00165
1618876800000,0.00165
1618790400000,0.00165
1618704000000,0.00165
1618617600000,0.00165
1618531200000,0.00165
1618444800000,0.00165
1618358400000,0.00165
1618272000000,0.00165
1618185600000,0.00165
1618099200000,0.00165
1618012800000,0.00165
1617926400000,0.00165
1617840000000,0.00165
1617753600000,0.00165
1617667200000,0.00165
1617580800000,0.00165
1617494400000,0.00165
1617408000000,0.00165
1617321600000,0.00165
1617235200000,0.00165
1617148800000,0.00165
1617062400000,0.00165
1616976000000,0.00165
1616889600000,0.00165
1616803200000,0.00165
1616716800000,0.00165
1616630400000,0.00165
1616544000000,0.00165
1616457600000,0.00165
1616371200000,0.00165
1616284800000,0.00165
1616198400000,0.00165
1616112000000,0.00165
1616025600000,0.00165
1615939200000,0.00165
1615852800000,0.00165
1615766400000,0.00165
1615680000000,0.00165
1615593600000,0.00165
1615507200000,0.00165
1615420800000,0.00165
1615334400000,0.00165
1615248000000,0.00165
1615161600000,0.00165
1615075200000,0.00165
1614988800000,0.00165
1614902400000,0.00165
1614816000000,0.00165
1614790800000,0.00165
1614729600000,0.00154
1614643200000,0.00154
1614600000000,0.00154
1614556800000,0.00176
1614470400000,0.00176
1614384000000,0.00176
1614297600000,0.00176
1614211200000,0.00176
1614124800000,0.00176
1614038400000,0.00176
1613952000000,0.00176
1613865600000,0.00176
1613779200000,0.00176
1613692800000,0.00176
1613606400000,0.00176
1613520000000,0.00176
1613433600000,0.00176
1613347200000,0.00176
1613260800000,0.00176
1613174400000,0.00176
1613088000000,0.00176
1613001600000,0.00176
1612915200000,0.00176
1612882800000,0.00176
1612828800000,0.00165
1612742400000,0.00165
1612695600000,0.00165
1612688400000,0.00154
1612656000000,0.00154
1612598400000,0.00154
1612569600000,0.00143
1612508400000,0.00143
1612483200000,0.00132
1612396800000,0.00132
1612335600000,0.00132
1612310400000,0.0011
1612224000000,0.0011
1612137600000,0.0011
1612051200000,0.0011
1611964800000,0.0011
1611878400000,0.0011
1611792000000,0.0011
1611705600000,0.0011
1611619200000,0.0011
1611532800000,0.0011
1611446400000,0.0011
1611360000000,0.0011
1611309600000,0.0011
1611273600000,0.00143
1611187200000,0.00143
1611100800000,0.00143
1611064800000,0.00143
1611014400000,0.00132
1610928000000,0.00132
1610841600000,0.00132
1610755200000,0.00132
1610694000000,0.00132
1610668800000,0.0011
1610582400000,0.0011
1610521200000,0.0011
1610496000000,0.00132
1610409600000,0.00132
1610323200000,0.00132
1610262000000,0.00132
1610236800000,0.0011
1610150400000,0.0011
1610064000000,0.0011
1610017200000,0.0011
1609977600000,0.001045
1609891200000,0.001045
1609804800000,0.001045
1609718400000,0.001045
1609632000000,0.001045
1609545600000,0.001045
1609459200000,0.001045
1609372800000,0.001045
1609286400000,0.001045
1609200000000,0.001045
1609113600000,0.001045
1609027200000,0.001045
1608940800000,0.001045
1608854400000,0.001045
1608768000000,0.001045
1608681600000,0.001045
1608595200000,0.001045
1608508800000,0.001045
1608422400000,0.001045
1608336000000,0.001045
1608249600000,0.001045
1608184800000,0.001045
1608163200000,0.00088
1608076800000,0.00088
1607990400000,0.00088
1607904000000,0.00088
1607817600000,0.00088
1607731200000,0.00088
1607644800000,0.00088
1607558400000,0.00088
1607504400000,0.00088
1607472000000,0.00099
1607385600000,0.00099
1607299200000,0.00099
1607212800000,0.00099
1607126400000,0.00099
1607040000000,0.00099
1606953600000,0.00099
1606867200000,0.00099
1606842000000,0.00099
1606780800000,0.000935
1606694400000,0.000935
1606608000000,0.000935
1606521600000,0.000935
1606460400000,0.000935
1606435200000,0.00099
1606348800000,0.00099
1606262400000,0.00099
1606215600000,0.00099
1606176000000,0.000935
1606089600000,0.000935
1606046400000,0.000935
1606003200000,0.00088
1605916800000,0.00088
1605830400000,0.00088
1605744000000,0.00088
1605686400000,0.00088
1605657600000,0.000825
1605571200000,0.000825
1605484800000,0.000825
1605398400000,0.000825
1605312000000,0.000825
1605225600000,0.000825
1605139200000,0.000825
1605081600000,0.000825
1605052800000,0.00077
1604966400000,0.00077
1604880000000,0.00077
1604793600000,0.00077
1604707200000,0.00077
1604689200000,0.00077
1604649600000,0.00066
1604620800000,0.000605
1604534400000,0.000605
1604448000000,0.000605
1604361600000,0.000605
1604275200000,0.000605
1604188800000,0.000605
1604102400000,0.000605
1604016000000,0.000605
1603929600000,0.000605
1603843200000,0.000605
1603771200000,0.000605
1603756800000,0.00055
1603670400000,0.00055
1603584000000,0.00055
1603497600000,0.00055
1603411200000,0.00055
1603339200000,0.00055
1603324800000,0.000495
1603238400000,0.000495
1603152000000,0.000495
1603080048000,0.000495
1603065600000,0.00055
1602979200000,0.00055
1602892800000,0.00055
1602806400000,0.00055
1602720000000,0.00055
1602655200000,0.00055
1602633600000,0.000495
1602547200000,0.000495
1602460800000,0.000495
1602374400000,0.000495
1602288000000,0.000495
1602201600000,0.000495
1602115200000,0.000495
1602028800000,0.000495
1601942400000,0.000495
1601856000000,0.000495
1601769600000,0.000495
1601683200000,0.000495
1601596800000,0.000495
1601510400000,0.000495
1601424000000,0.000495
1601337600000,0.000495
1601251200000,0.000495
1601164800000,0.000495
1601078400000,0.000495
1601035200000,0.000495
1600992000000,0.00055
1600905600000,0.00055
1600819200000,0.00055
1600732800000,0.00055
1600646400000,0.00055
1600560000000,0.00055
1600473600000,0.00055
1600387200000,0.00055
1600300800000,0.00055
1600214400000,0.00055
1600128000000,0.00055
1600041600000,0.00055
1599955200000,0.00055
1599868800000,0.00055
1599782400000,0.00055
1599696000000,0.00055
1599609600000,0.00055
1599523200000,0.00055
1599483600000,0.00055
1599451200000,0.000715
1599436800000,0.00077
1599364980000,0.00077
1599350400000,0.000825
1599264000000,0.000825
1599177600000,0.000825
1599091200000,0.000825
1599004800000,0.000825
1598940000000,0.000825
1598918400000,0.00077
1598832000000,0.00077
1598745600000,0.00077
1598659200000,0.00077
1598572800000,0.00077
1598500800000,0.00077
1598486400000,0.000825
1598400000000,0.000825
1598335200000,0.000825
1598313600000,0.00088
1598248800000,0.00088
1598227200000,0.000935
1598140800000,0.000935
1598054400000,0.000935
1597968000000,0.000935
1597881600000,0.000935
1597795200000,0.000935
1597730400000,0.000935
1597708800000,0.00088
1597622400000,0.00088
1597536000000,0.00088
1597464000000,0.00088
1597449600000,0.000825
1597363200000,0.000825
1597276800000,0.000825
1597190400000,0.000825
1597104000000,0.000825
1597017600000,0.000825
1596931200000,0.000825
1596844800000,0.000825
1596758400000,0.000825
1596686400000,0.000825
1596672000000,0.00077
1596600000000,0.00077
1596585600000,0.000715
1596499200000,0.000715
1596427200000,0.000715
1596412800000,0.00066
1596326400000,0.00066
1596240000000,0.00066
1596153600000,0.00066
1596081600000,0.00066
1596067200000,0.0005775
1595995200000,0.0005775
1595980800000,0.00055
1595894400000,0.00055
1595808000000,0.00055
1595721600000,0.00055
1595635200000,0.00055
1595563200000,0.00055
1595548800000,0.0004675
1595476800000,0.0004675
1595462400000,0.00044
1595390400000,0.00044
1595376000000,0.000385
1595304000000,0.000385
1595289600000,0.0003575
1595203200000,0.0003575
1595116800000,0.0003575
1595030400000,0.0003575
1594944000000,0.0003575
1594857600000,0.0003575
1594771200000,0.0003575
1594684800000,0.0003575
1594598400000,0.0003575
1594512000000,0.0003575
1594425600000,0.0003575
1594339200000,0.0003575
1594267200000,0.0003575
1594252800000,0.00033
1594166400000,0.00033
1594080000000,0.00033
1593993600000,0.00033
1593907200000,0.00033
1593835200000,0.00033
1593820800000,0.0003575
1593734400000,0.0003575
1593662400000,0.0003575
1593648000000,0.000385
1593561600000,0.000385
1593489600000,0.000385
1593475200000,0.00044
1593403200000,0.00044
1593388800000,0.0004675
1593302400000,0.0004675
1593216000000,0.0004675
1593129600000,0.0004675
1593043200000,0.0004675
1592971200000,0.0004675
1592956800000,0.00044
1592870400000,0.00044
1592784000000,0.00044
1592697600000,0.00044
1592611200000,0.00044
1592524800000,0.00044
1592438400000,0.00044
1592366400000,0.00044
1592352000000,0.0004675
1592280000000,0.0004675
1592265600000,0.000495
1592193600000,0.000495
1592179200000,0.0005225
1592107200000,0.0005225
1592092800000,0.00055
1592006400000,0.00055
1591920000000,0.00055
1591833600000,0.00055
1591747200000,0.00055
1591660800000,0.00055
1591574400000,0.00055
1591488000000,0.00055
1591401600000,0.00055
1591315200000,0.00055
1591228800000,0.00055
1591142400000,0.00055
1591070400000,0.00055
1591056000000,0.00044
1590969600000,0.00044
1590883200000,0.00044
1590796800000,0.00044
1590710400000,0.00044
1590624000000,0.00044
1590537600000,0.00044
1590451200000,0.00044
1590364800000,0.00044
1590278400000,0.00044
1590192000000,0.00044
1590105600000,0.00044
1590033600000,0.00044
1590019200000,0.000495
1589932800000,0.000495
1589846400000,0.000495
1589760000000,0.000495
1589673600000,0.000495
1589587200000,0.000495
1589500800000,0.000495
1589414400000,0.000495
1589328000000,0.000495
1589241600000,0.000495
1589155200000,0.000495
1589068800000,0.000495
1588982400000,0.000495
1588910400000,0.000495
1588896000000,0.00044
1588809600000,0.00044
1588723200000,0.00044
1588636800000,0.00044
1588550400000,0.00044
1588464000000,0.00044
1588392000000,0.00044
1588377600000,0.000385
1588291200000,0.000385
1588219200000,0.000385
1588204800000,0.00033
1588118400000,0.00033
1588032000000,0.00033
1587945600000,0.00033
1587859200000,0.00033
1587772800000,0.00033
1587686400000,0.00033
1587600000000,0.00033
1587513600000,0.00033
1587427200000,0.00033
1587340800000,0.00033
1587254400000,0.00033
1587168000000,0.00033
1587081600000,0.00033
1587009600000,0.00033
1586995200000,0.0003575
1586908800000,0.0003575
1586822400000,0.0003575
1586736000000,0.0003575
1586649600000,0.0003575
1586563200000,0.0003575
1586491200000,0.0003575
1586476800000,0.000385
1586390400000,0.000385
1586304000000,0.000385
1586217600000,0.000385
1586131200000,0.000385
1586044800000,0.000385
1585958400000,0.000385
1585872000000,0.000385
1585785600000,0.000385
1585699200000,0.000385
1585627200000,0.000385
1585612800000,0.0004125
1585526400000,0.0004125
1585440000000,0.0004125
1585368000000,0.0004125
1585353600000,0.00044
1585267200000,0.00044
1585180800000,0.00044
1585094400000,0.00044
1585008000000,0.00044
1584921600000,0.00044
1584835200000,0.00044
1584748800000,0.00044
1584662400000,0.00044
1584576000000,0.00044
1584489600000,0.00044
1584403200000,0.00044
1584316800000,0.00044
1584230400000,0.00044
1584144000000,0.00044
1584057600000,0.00044
1583985600000,0.00044
1583971200000,0.000495
1583899200000,0.000495
1583884800000,0.00055
1583798400000,0.00055
1583726400000,0.00055
1583712000000,0.000495
1583625600000,0.000495
1583553600000,0.000495
1583539200000,0.0004125
1583452800000,0.0004125
1583366400000,0.0004125
1583280000000,0.0004125
1583193600000,0.0004125
1583121600000,0.0004125
1583107200000,0.00044
1583020800000,0.00044
1582934400000,0.00044
1582848000000,0.00044
1582776000000,0.00044
1582761600000,0.000495
1582689600000,0.000495
1582675200000,0.00055
1582588800000,0.00055
1582502400000,0.00055
1582416000000,0.00055
1582329600000,0.00055
1582243200000,0.00055
1582156800000,0.00055
1582070400000,0.00055
1581998400000,0.00055
1581984000000,0.000605
1581926400000,0.000605
1581897600000,0.00066
1581811200000,0.00066
1581724800000,0.00066
1581638400000,0.00066
1581566400000,0.00066
1581552000000,0.000605
1581480000000,0.000605
1581465600000,0.0005225
1581393600000,0.0005225
1581379200000,0.000495
1581307200000,0.000495
1581292800000,0.00044
1581235200000,0.00044
1581206400000,0.0004125
1581120000000,0.0004125
1581076800000,0.0004125
1581033600000,0.000385
1580968800000,0.000385
1580947200000,0.0003575
1580860800000,0.0003575
1580788800000,0.0003575
1580774400000,0.0003025
1580688000000,0.0003025
1580601600000,0.0003025
1580515200000,0.0003025
1580428800000,0.000275
1580342400000,0.000275
1580256000000,0.000275
1580169600000,0.000275
1580083200000,0.000275
1579996800000,0.000275
1579910400000,0.000275
1579824000000,0.000275
1579737600000,0.000275
1579651200000,0.000275
1579564800000,0.000275
1579478400000,0.000275
1579392000000,0.000275
1579305600000,0.000275
1579219200000,0.000275
1579132800000,0.000275
1579046400000,0.000275
1578960000000,0.000275
1578873600000,0.000275
1578787200000,0.000275
1578700800000,0.000275
1578614400000,0.000275
1578528000000,0.000275
1578441600000,0.000275
1578355200000,0.000275
1578268800000,0.000275
1578182400000,0.000275
1578096000000,0.000275
1578009600000,0.000275
1577923200000,0.000275
1577836800000,0.000275
1577750400000,0.000275
1577664000000,0.000275
1577577600000,0.000275
1577491200000,0.000275
1577404800000,0.000275
1577318400000,0.000275
1577232000000,0.000275
1577145600000,0.000275
1577059200000,0.0003025
1576972800000,0.0003025
1576886400000,0.0003025
1576800000000,0.0003025
1576713600000,0.0003025
1576627200000,0.0003025
1576540800000,0.0003025
1576454400000,0.0003025
1576368000000,0.0003025
1576281600000,0.0003025
1576195200000,0.0003025
1576108800000,0.0003025
1576022400000,0.0003025
1575936000000,0.0003025
1575849600000,0.0003025
1575763200000,0.0003025
1575676800000,0.0003025
1575590400000,0.0003025
1575504000000,0.0003025
1575417600000,0.0003025
1575331200000,0.0003025
1575244800000,0.0003025
1575158400000,0.0003025
1575072000000,0.0003025
1574985600000,0.0003025
1574899200000,0.0003025
1574812800000,0.0003025
1574726400000,0.0003025
1574640000000,0.0003025
1574553600000,0.0003025
1574467200000,0.0003025
1574380800000,0.0003025
1574294400000,0.0003025
1574208000000,0.0003025
1574121600000,0.0003025
1574035200000,0.0003025
1573948800000,0.0003025
1573862400000,0.0003025
1573776000000,0.0003025
1573689600000,0.0003025
1573603200000,0.0003025
1573516800000,0.0003025
1573430400000,0.0003025
1573344000000,0.0003025
1573257600000,0.0003025
1573171200000,0.0003025
1573084800000,0.0003025
1572998400000,0.0003025
1572912000000,0.0003025
1572825600000,0.0003025
1572739200000,0.0003025
1572652800000,0.0003025
1572566400000,0.0003025
1572480000000,0.0003025
1572393600000,0.0003025
1572307200000,0.0003025
1572220800000,0.0003025
1572134400000,0.0003025
1572048000000,0.0003025
1571961600000,0.0003025
1571875200000,0.0003025
1571788800000,0.0003025
1571702400000,0.0003025
1571616000000,0.0003025
1571529600000,0.0003025
1571443200000,0.0003025
1571356800000,0.0003025
1571270400000,0.0003025
1571184000000,0.0003025
1571097600000,0.0003025
1571011200000,0.0003025
1570924800000,0.0003025
1570838400000,0.0003025
1570752000000,0.0003025
1570665600000,0.0003025
1570579200000,0.0003025
1570492800000,0.0003025
1570406400000,0.0003025
1570320000000,0.0003025
1570233600000,0.0003025
1570147200000,0.0003025
1570060800000,0.0003025
1569974400000,0.0003025
1569888000000,0.0003025
1569801600000,0.0003025
1569715200000,0.0003025
1569628800000,0.0003025
1569542400000,0.0003025
1569456000000,0.0003025
1569369600000,0.0003025
1569283200000,0.0003025
1569196800000,0.0003025
1569110400000,0.0003025
1569024000000,0.0003025
1568937600000,0.0003025
1568851200000,0.0003025
1568764800000,0.0003025
1568678400000,0.0003025
1568592000000,0.0003025
1568505600000,0.0003025
1568419200000,0.0003025
1568332800000,0.0003025
1568246400000,0.0003025
1568160000000,0.0003025
1568073600000,0.0003025
1567987200000,0.0003025
1567900800000,0.0003025
1567814400000,0.0003025
1567728000000,0.0003025
1567641600000,0.0003025
1567555200000,0.0003025
1567468800000,0.0003025
1567382400000,0.0003025
1567296000000,0.0003025
1567209600000,0.0003025
1567123200000,0.0003025
1567036800000,0.0003025
1566950400000,0.0003025
1566864000000,0.0003025
1566777600000,0.0003025
1566691200000,0.0003025
1566604800000,0.0003025
1566518400000,0.0003025
1566432000000,0.0003025
1566345600000,0.0002475
1566259200000,0.0002475
1566172800000,0.0002475
1566086400000,0.0002475
1566000000000,0.0002475
1565913600000,0.0002475
1565827200000,0.0002475
1565740800000,0.0002475
1565654400000,0.0002475
1565568000000,0.0002475
1565481600000,0.0002475
1565395200000,0.0002475
1565308800000,0.0002475
1565222400000,0.0002475
1565136000000,0.0002475
1565049600000,0.0002475
1564963200000,0.0002475
1564876800000,0.0002475
1564790400000,0.0002475
1564704000000,0.0002475
1564617600000,0.0002475
1564531200000,0.0002475
1564444800000,0.0002475
1564358400000,0.0002475
1564272000000,0.0002475
1564185600000,0.0002475
1564099200000,0.0002475
1564012800000,0.0002475
1563926400000,0.0002475
1563840000000,0.0002475
1563753600000,0.0002475
1563667200000,0.0002475
1563580800000,0.0002475
1563494400000,0.0002475
1563451200000,0.0002475
1563408000000,0.00022
1563321600000,0.00022
1563235200000,0.00022
1563148800000,0.00022
1563062400000,0.00022
1562976000000,0.00022
1562889600000,0.00022
1562803200000,0.00022
1562716800000,0.00022
1562630400000,0.00022
1562544000000,0.00022
1562457600000,0.00022
1562371200000,0.00022
1562284800000,0.00022
1562198400000,0.00022
1562112000000,0.00022
1562025600000,0.00022
1561939200000,0.00022
1561852800000,0.00022
1561766400000,0.00022
1561680000000,0.00022
1561593600000,0.00022
1561507200000,0.00022
1561420800000,0.00022
1561334400000,0.00022
1561248000000,0.00022
1561161600000,0.00022
1561075200000,0.00022
1560988800000,0.00022
1560902400000,0.00022
1560816000000,0.00022
1560729600000,0.00022
1560643200000,0.00022
1560556800000,0.00022
1560470400000,0.00022
1560384000000,0.00022
1560297600000,0.00022
1560211200000,0.00022
1560124800000,0.00022
1560038400000,0.00022
1559952000000,0.00022
1559865600000,0.00022
1559779200000,0.00022
1559692800000,0.00022
1559606400000,0.00022
1559520000000,0.00022
1559433600000,0.00022
1559347200000,0.00022
1559260800000,0.00022
1559174400000,0.00022
1559088000000,0.00022
1559001600000,0.00022
1558915200000,0.00022
1558828800000,0.00022
1558742400000,0.00022
1558656000000,0.00022
1558608600000,0.00022
1558569600000,0.0011
1558483200000,0.0011
1558396800000,0.0011
1558310400000,0.0011
1558224000000,0.0011
1558137600000,0.0011
1558051200000,0.0011
1557964800000,0.0011
1557878400000,0.0011
1557792000000,0.0011
1557705600000,0.0011
1557619200000,0.0011
1557532800000,0.0011
1557446400000,0.0011
1557360000000,0.0011
1557273600000,0.0011
1557187200000,0.0011
1557100800000,0.0011
1557014400000,0.0011
1556928000000,0.0011
1556841600000,0.0011
1556755200000,0.0011
1556668800000,0.0011
1556582400000,0.0011
1556496000000,0.0011
1556409600000,0.0011
1556323200000,0.0011
1556236800000,0.0011
1556150400000,0.0011
1556064000000,0.0011
1555977600000,0.0011
1555891200000,0.0011
1555804800000,0.0011
1555718400000,0.0011
1555672500000,0.0011
